AlbumID,ArtistID,AlbumTitle,ReleaseYear
201,341,Album_1,1982
202,283,Album_2,1989
203,556,Album_3,1996
204,636,Album_4,2012
205,476,Album_5,2019
206,494,Album_6,1988
207,763,Album_7,2003
208,732,Album_8,1991
209,311,Album_9,1995
210,221,Album_10,2011
211,278,,2022
212,970,Album_12,1988
213,245,Album_13,2012
214,649,Album_14,1982
215,457,Album_15,2018
216,125,Album_16,1989
217,411,Album_17,2001
218,448,Album_18,2010
219,461,Album_19,2009
220,127,Album_20,1996
221,752,Album_21,2012
222,106,Album_22,1992
223,283,Album_23,1988
224,909,Album_24,1993
225,1013,Album_25,2002
226,342,Album_26,1993
227,659,Album_27,1980
228,293,,2000
229,366,Album_29,2022
230,1050,Album_30,1992
231,432,Album_31,2008
232,765,Album_32,1985
233,267,Album_33,1984
234,924,Album_34,1983
235,302,Album_35,2012
236,423,Album_36,1981
237,151,Album_37,1998
238,301,Album_38,2010
239,1028,Album_39,2021
240,160,Album_40,2007
241,1088,Album_41,2008
242,551,Album_42,2016
243,584,Album_43,2002
244,631,Album_44,2023
245,475,Album_45,2007
246,612,Album_46,1984
247,974,Album_47,1982
248,395,Album_48,2016
249,335,Album_49,2020
250,540,Album_50,1988
251,413,Album_51,2004
252,936,Album_52,2022
253,190,,2004
254,459,Album_54,2020
255,1076,Album_55,2005
256,827,Album_56,2016
257,511,Album_57,2023
258,1099,Album_58,2003
259,189,Album_59,1988
260,859,Album_60,1991
261,572,Album_61,2007
262,137,Album_62,2015
263,294,Album_63,2016
264,508,Album_64,1996
265,306,,2005
266,389,Album_66,2000
267,507,Album_67,1993
268,934,Album_68,1991
269,460,Album_69,1987
270,748,Album_70,1989
271,991,Album_71,2019
272,670,Album_72,2012
273,642,Album_73,1995
274,333,Album_74,1985
275,663,Album_75,1995
276,840,Album_76,1992
277,469,Album_77,1987
278,136,Album_78,2008
279,922,Album_79,2017
280,334,Album_80,1995
281,727,Album_81,1998
282,358,Album_82,1995
283,1041,Album_83,2024
284,457,Album_84,2022
285,107,Album_85,2014
286,698,Album_86,2013
287,803,,2007
288,546,Album_88,2010
289,755,Album_89,2001
290,795,Album_90,1989
291,562,,2011
292,311,Album_92,1985
293,462,Album_93,2004
294,924,Album_94,2013
295,348,Album_95,2011
296,498,Album_96,1986
297,986,Album_97,2015
298,941,Album_98,1989
299,418,Album_99,2002
300,330,Album_100,1981
301,749,Album_101,2020
302,901,Album_102,2012
303,144,Album_103,1990
304,1075,Album_104,2005
305,185,Album_105,1985
306,1061,Album_106,1982
307,1013,Album_107,1996
308,1008,Album_108,1991
309,503,Album_109,2012
310,313,Album_110,2003
311,678,Album_111,2020
312,943,Album_112,2013
313,800,Album_113,1981
314,523,Album_114,1993
315,711,,2016
316,207,Album_116,2002
317,374,Album_117,1992
318,761,Album_118,2008
319,221,Album_119,2021
320,1060,Album_120,2015
321,1064,Album_121,2008
322,793,Album_122,2020
323,1057,Album_123,1984
324,966,Album_124,1997
325,635,Album_125,1999
326,548,Album_126,2015
327,651,Album_127,1986
328,497,Album_128,2013
329,588,Album_129,2011
330,749,Album_130,2022
331,468,Album_131,1988
332,687,Album_132,1986
333,460,Album_133,2023
334,329,,2000
335,505,Album_135,2023
336,946,Album_136,1993
337,154,Album_137,1988
338,664,Album_138,2013
339,128,Album_139,1993
340,196,Album_140,1981
341,984,Album_141,1998
342,1036,Album_142,1997
343,398,Album_143,2005
344,304,,2009
345,944,Album_145,2013
346,1070,Album_146,1984
347,566,Album_147,2015
348,380,Album_148,2000
349,206,,1992
350,672,Album_150,2010
351,650,Album_151,2009
352,813,Album_152,2016
353,1001,Album_153,1993
354,296,Album_154,2012
355,434,Album_155,2015
356,178,Album_156,2011
357,446,Album_157,1980
358,685,Album_158,2014
359,671,Album_159,1984
360,1050,Album_160,2003
361,411,Album_161,2017
362,1033,Album_162,1987
363,557,Album_163,2014
364,409,Album_164,1995
365,664,Album_165,2008
366,789,Album_166,1987
367,639,Album_167,1988
368,837,Album_168,1981
369,324,Album_169,2020
370,1063,Album_170,2021
371,577,Album_171,2001
372,701,Album_172,2007
373,413,Album_173,1988
374,625,Album_174,2016
375,1094,Album_175,2004
376,310,Album_176,2014
377,819,Album_177,1992
378,949,Album_178,2000
379,775,Album_179,1998
380,339,Album_180,1988
381,269,Album_181,2020
382,362,Album_182,2001
383,1004,,1991
384,968,Album_184,1986
385,280,Album_185,1994
386,267,Album_186,2018
387,157,,2004
388,267,Album_188,1984
389,1034,Album_189,1981
390,966,Album_190,2019
391,186,Album_191,1982
392,267,Album_192,1999
393,714,Album_193,2010
394,691,Album_194,1988
395,881,Album_195,1990
396,1071,Album_196,1999
397,768,Album_197,2001
398,262,,2024
399,594,Album_199,2013
400,670,Album_200,2015
401,762,Album_201,2017
402,585,Album_202,2005
403,532,Album_203,2008
404,1023,Album_204,1983
405,796,Album_205,1992
406,502,Album_206,2012
407,1011,Album_207,1996
408,584,Album_208,2017
409,855,Album_209,2011
410,375,Album_210,2004
411,903,Album_211,1984
412,195,Album_212,1995
413,421,Album_213,1987
414,1016,Album_214,1981
415,249,Album_215,2005
416,816,Album_216,2012
417,724,Album_217,1996
418,611,Album_218,2019
419,1030,Album_219,1998
420,936,Album_220,1982
421,280,Album_221,1996
422,244,Album_222,1995
423,642,Album_223,1993
424,481,Album_224,2022
425,951,Album_225,2014
426,648,Album_226,2015
427,717,Album_227,2021
428,843,Album_228,2013
429,1097,Album_229,1998
430,641,Album_230,1980
431,301,Album_231,1999
432,147,Album_232,1997
433,295,Album_233,2024
434,406,,2010
435,267,Album_235,2015
436,900,Album_236,2011
437,284,,1995
438,239,Album_238,1998
439,294,Album_239,2013
440,974,Album_240,2023
441,589,Album_241,2001
442,295,Album_242,1985
443,350,Album_243,2001
444,625,Album_244,2008
445,769,Album_245,2019
446,842,Album_246,1987
447,634,,2014
448,1093,Album_248,2017
449,523,Album_249,1985
450,460,Album_250,2006
451,158,Album_251,1998
452,550,Album_252,2021
453,277,Album_253,2002
454,433,Album_254,2001
455,572,Album_255,1989
456,393,Album_256,2009
457,803,Album_257,1985
458,405,Album_258,2017
459,1081,Album_259,2023
460,849,Album_260,2021
461,729,,1991
462,162,Album_262,1992
463,595,Album_263,2011
464,830,Album_264,2015
465,487,Album_265,2024
466,339,Album_266,1987
467,458,Album_267,2020
468,972,Album_268,1984
469,193,Album_269,2021
470,930,Album_270,1989
471,871,Album_271,2002
472,308,Album_272,2018
473,383,Album_273,1981
474,943,Album_274,1985
475,1079,,2010
476,651,Album_276,2022
477,649,Album_277,1999
478,181,Album_278,1983
479,631,Album_279,2000
480,587,Album_280,1985
481,1039,Album_281,1992
482,933,Album_282,1986
483,452,Album_283,2022
484,376,Album_284,2018
485,151,Album_285,2014
486,443,Album_286,1996
487,816,Album_287,1986
488,726,,1980
489,719,Album_289,1988
490,241,Album_290,2004
491,426,Album_291,1997
492,337,Album_292,2004
493,850,Album_293,2008
494,843,Album_294,2006
495,869,Album_295,1992
496,146,Album_296,1988
497,567,Album_297,1999
498,548,Album_298,2010
499,1003,Album_299,2024
500,1065,Album_300,2003
501,943,Album_301,1987
502,269,Album_302,2002
503,584,Album_303,2004
504,935,Album_304,2005
505,757,,2011
506,214,Album_306,2022
507,1091,,1997
508,1094,,1993
509,1070,Album_309,2020
510,249,Album_310,1991
511,882,Album_311,1985
512,652,Album_312,1984
513,940,Album_313,2000
514,201,Album_314,2016
515,257,Album_315,2015
516,482,Album_316,2013
517,695,Album_317,1999
518,285,Album_318,1989
519,138,Album_319,1984
520,340,Album_320,1995
521,934,Album_321,2020
522,468,Album_322,1983
523,797,Album_323,2017
524,823,Album_324,1995
525,113,,1982
526,211,Album_326,2016
527,428,,1983
528,127,Album_328,2018
529,763,Album_329,1982
530,870,Album_330,1987
531,1002,Album_331,2023
532,915,Album_332,2017
533,808,Album_333,1984
534,658,Album_334,2004
535,708,Album_335,1989
536,675,,1985
537,522,Album_337,2008
538,515,Album_338,2008
539,940,Album_339,2023
540,617,Album_340,1995
541,399,Album_341,1986
542,200,Album_342,1987
543,956,,2003
544,789,Album_344,1994
545,950,,2022
546,1032,Album_346,2012
547,709,Album_347,1992
548,869,Album_348,2018
549,169,Album_349,1982
550,318,Album_350,2003
551,604,Album_351,2012
552,910,Album_352,2011
553,176,Album_353,2013
554,749,Album_354,1984
555,559,Album_355,1985
556,321,Album_356,1997
557,878,Album_357,1996
558,968,Album_358,1992
559,444,Album_359,1995
560,214,Album_360,2008
561,475,Album_361,2021
562,104,,2018
563,765,Album_363,1986
564,450,Album_364,1990
565,372,Album_365,1998
566,816,Album_366,1987
567,635,Album_367,2011
568,512,Album_368,1980
569,1045,Album_369,2000
570,829,Album_370,1997
571,480,Album_371,2009
572,921,Album_372,1985
573,134,Album_373,1994
574,327,Album_374,2009
575,631,Album_375,2019
576,711,Album_376,2019
577,823,Album_377,1998
578,828,Album_378,2010
579,466,Album_379,2012
580,267,Album_380,2016
581,529,Album_381,2000
582,955,Album_382,1988
583,137,Album_383,2008
584,945,Album_384,2022
585,834,Album_385,1991
586,397,Album_386,1986
587,336,Album_387,2003
588,117,Album_388,2001
589,869,Album_389,1994
590,1029,Album_390,2006
591,570,Album_391,2000
592,374,Album_392,1983
593,617,Album_393,1989
594,364,Album_394,1993
595,124,Album_395,2019
596,382,Album_396,2017
597,593,Album_397,1992
598,368,Album_398,1992
599,1028,Album_399,2019
600,691,Album_400,1982
601,1071,Album_401,2001
602,727,Album_402,2024
603,965,Album_403,1987
604,380,Album_404,1987
605,515,Album_405,2002
606,942,Album_406,1982
607,804,Album_407,1991
608,668,Album_408,2015
609,338,Album_409,1986
610,214,Album_410,1986
611,361,Album_411,2015
612,123,Album_412,2003
613,733,Album_413,1980
614,256,Album_414,2007
615,644,Album_415,2011
616,262,Album_416,1991
617,114,Album_417,2007
618,797,Album_418,2002
619,803,Album_419,2002
620,1090,Album_420,2023
621,368,Album_421,1997
622,233,Album_422,2005
623,480,Album_423,2003
624,142,Album_424,1986
625,950,Album_425,2013
626,968,Album_426,2006
627,876,Album_427,2000
628,760,Album_428,1990
629,731,Album_429,2020
630,689,Album_430,1980
631,426,Album_431,2014
632,777,Album_432,2007
633,112,Album_433,2016
634,478,Album_434,1985
635,175,Album_435,2021
636,1075,Album_436,1989
637,192,Album_437,1993
638,376,Album_438,2002
639,937,Album_439,2006
640,658,Album_440,1996
641,791,,2019
642,615,Album_442,1991
643,631,Album_443,2010
644,171,Album_444,2017
645,728,Album_445,1993
646,558,,2015
647,1028,Album_447,2015
648,877,Album_448,2007
649,639,Album_449,1992
650,920,Album_450,1997
651,356,Album_451,1994
652,318,Album_452,2020
653,219,Album_453,2007
654,783,Album_454,1996
655,757,Album_455,1991
656,265,Album_456,1993
657,265,Album_457,2001
658,778,,2011
659,560,Album_459,2020
660,955,Album_460,1991
661,970,Album_461,1980
662,1031,Album_462,2023
663,129,,2013
664,186,Album_464,1988
665,992,Album_465,1989
666,391,Album_466,1984
667,597,Album_467,2012
668,254,Album_468,1983
669,108,Album_469,2003
670,827,Album_470,2012
671,468,Album_471,1981
672,307,Album_472,1980
673,814,Album_473,2007
674,459,Album_474,2000
675,503,Album_475,1999
676,123,Album_476,1981
677,101,Album_477,1997
678,935,Album_478,2024
679,900,Album_479,2013
680,976,Album_480,1990
681,935,Album_481,2022
682,849,,1996
683,910,Album_483,2002
684,998,Album_484,2019
685,483,,1996
686,479,,2021
687,918,Album_487,2002
688,598,Album_488,2019
689,472,Album_489,2014
690,986,Album_490,2016
691,759,Album_491,2018
692,1051,Album_492,2022
693,746,Album_493,1998
694,615,Album_494,1991
695,773,Album_495,1988
696,639,Album_496,1997
697,623,Album_497,2020
698,351,Album_498,1995
699,915,Album_499,1985
700,1024,Album_500,1993
701,471,Album_501,2004
702,481,Album_502,2002
703,257,,1999
704,907,Album_504,1980
705,478,Album_505,1998
706,329,Album_506,1998
707,736,Album_507,1987
708,1083,Album_508,2016
709,693,Album_509,2010
710,185,Album_510,2016
711,641,Album_511,2018
712,1006,Album_512,2019
713,174,Album_513,2005
714,568,Album_514,1992
715,1073,Album_515,2001
716,623,Album_516,2022
717,833,Album_517,2020
718,1075,Album_518,2016
719,213,Album_519,1995
720,1092,Album_520,1989
721,1081,Album_521,2017
722,628,Album_522,1983
723,218,Album_523,1983
724,847,Album_524,2006
725,616,Album_525,2001
726,673,Album_526,1995
727,243,Album_527,2006
728,964,Album_528,1980
729,606,Album_529,1984
730,101,Album_530,1993
731,417,Album_531,2013
732,218,Album_532,2009
733,523,Album_533,2022
734,814,Album_534,2000
735,247,Album_535,1983
736,257,Album_536,2016
737,596,Album_537,2024
738,363,Album_538,2012
739,564,Album_539,1994
740,386,Album_540,2022
741,129,Album_541,2012
742,151,Album_542,2023
743,311,Album_543,1998
744,199,Album_544,1993
745,201,Album_545,2010
746,1066,Album_546,1985
747,1071,Album_547,1981
748,825,Album_548,2020
749,995,Album_549,2015
750,175,Album_550,2011
751,592,Album_551,2003
752,466,Album_552,1982
753,472,Album_553,2023
754,994,Album_554,2006
755,102,Album_555,1999
756,440,Album_556,2020
757,485,Album_557,1983
758,845,Album_558,2011
759,328,Album_559,1999
760,986,Album_560,2012
761,626,Album_561,2017
762,244,Album_562,2016
763,754,Album_563,1983
764,682,Album_564,1985
765,243,Album_565,2007
766,458,Album_566,1998
767,829,Album_567,2020
768,654,Album_568,2021
769,191,Album_569,1985
770,599,Album_570,1980
771,180,Album_571,2017
772,692,Album_572,1982
773,969,Album_573,1991
774,759,Album_574,2018
775,579,Album_575,2000
776,626,Album_576,1995
777,395,,1985
778,913,Album_578,1990
779,822,Album_579,1986
780,221,Album_580,1981
781,715,Album_581,2022
782,799,Album_582,2003
783,1031,Album_583,2015
784,240,Album_584,1982
785,581,Album_585,2016
786,626,,2021
787,400,Album_587,1991
788,793,Album_588,2024
789,253,Album_589,2024
790,831,Album_590,1983
791,642,Album_591,1993
792,185,,1984
793,151,Album_593,1987
794,251,Album_594,2010
795,606,Album_595,2006
796,410,Album_596,1986
797,283,Album_597,1997
798,691,Album_598,2001
799,495,,1982
800,758,Album_600,1998
801,1093,Album_601,2002
802,324,Album_602,2000
803,553,Album_603,2015
804,719,Album_604,1992
805,994,Album_605,1983
806,579,Album_606,1982
807,183,Album_607,1993
808,128,Album_608,2018
809,1027,Album_609,2014
810,708,Album_610,2008
811,863,Album_611,1989
812,146,Album_612,2020
813,587,Album_613,2008
814,208,Album_614,2002
815,195,Album_615,2024
816,960,Album_616,2006
817,358,Album_617,1995
818,345,Album_618,2006
819,103,Album_619,2014
820,329,Album_620,2010
821,921,Album_621,1981
822,715,Album_622,1999
823,390,Album_623,1984
824,1085,,1990
825,791,Album_625,1985
826,251,Album_626,1980
827,792,Album_627,2017
828,895,Album_628,2015
829,498,Album_629,1993
830,314,Album_630,1991
831,207,Album_631,1982
832,848,Album_632,2003
833,848,Album_633,2022
834,493,Album_634,2012
835,683,Album_635,2011
836,120,Album_636,1982
837,370,Album_637,2000
838,539,Album_638,2009
839,279,Album_639,2017
840,885,Album_640,2012
841,112,Album_641,1987
842,873,Album_642,1986
843,766,Album_643,2013
844,689,Album_644,1982
845,120,Album_645,2005
846,260,Album_646,2006
847,279,Album_647,2015
848,781,Album_648,2000
849,629,Album_649,1982
850,268,Album_650,1983
851,882,Album_651,1999
852,654,Album_652,1981
853,671,Album_653,2006
854,975,Album_654,1988
855,936,Album_655,2005
856,484,Album_656,2018
857,563,Album_657,1990
858,560,Album_658,1981
859,378,Album_659,2015
860,1000,Album_660,2019
861,390,Album_661,2018
862,330,Album_662,2014
863,581,Album_663,2018
864,303,Album_664,2000
865,539,Album_665,1980
866,1049,Album_666,2012
867,574,Album_667,1998
868,1026,Album_668,2010
869,498,Album_669,2013
870,663,Album_670,2005
871,131,Album_671,2015
872,663,Album_672,1990
873,554,Album_673,2022
874,151,Album_674,1984
875,419,Album_675,1993
876,120,Album_676,1994
877,501,Album_677,1990
878,571,,1986
879,1015,Album_679,1990
880,928,Album_680,1985
881,234,Album_681,2013
882,1043,Album_682,2023
883,777,Album_683,1983
884,263,Album_684,2009
885,907,Album_685,1996
886,837,Album_686,1995
887,336,Album_687,1989
888,842,Album_688,1985
889,479,Album_689,2022
890,551,Album_690,2024
891,209,Album_691,2020
892,310,,1983
893,558,Album_693,2024
894,631,Album_694,1989
895,1081,Album_695,2023
896,484,Album_696,1985
897,866,Album_697,1980
898,144,Album_698,1993
899,846,Album_699,1998
900,1090,Album_700,2015
901,570,Album_701,1983
902,130,Album_702,1981
903,440,Album_703,2019
904,502,Album_704,1998
905,1066,Album_705,1988
906,309,Album_706,1998
907,538,Album_707,2013
908,603,Album_708,2021
909,742,Album_709,1985
910,181,Album_710,1989
911,935,Album_711,2013
912,103,Album_712,1995
913,960,Album_713,1986
914,941,Album_714,1980
915,179,Album_715,2012
916,480,,2012
917,760,Album_717,2017
918,678,Album_718,2022
919,642,,2019
920,735,Album_720,2012
921,524,Album_721,1996
922,332,,1982
923,838,Album_723,1995
924,109,Album_724,1987
925,202,Album_725,1994
926,606,Album_726,2003
927,622,Album_727,2009
928,883,Album_728,1996
929,855,Album_729,1999
930,384,Album_730,1988
931,218,Album_731,1997
932,646,Album_732,1992
933,632,Album_733,1987
934,1025,Album_734,2001
935,1042,Album_735,1996
936,369,Album_736,2012
937,770,Album_737,1988
938,641,Album_738,2022
939,1088,Album_739,1988
940,481,Album_740,2001
941,710,Album_741,2001
942,371,Album_742,2001
943,740,Album_743,2016
944,121,Album_744,1998
945,469,Album_745,1986
946,1063,,2004
947,846,Album_747,2020
948,328,Album_748,2022
949,417,Album_749,2003
950,141,Album_750,2018
951,1094,Album_751,2004
952,851,Album_752,1998
953,587,Album_753,2023
954,582,,2002
955,305,Album_755,1996
956,701,Album_756,1989
957,759,Album_757,2012
958,798,Album_758,1987
959,625,Album_759,2017
960,256,Album_760,2016
961,1022,Album_761,1988
962,1068,Album_762,1987
963,984,Album_763,1995
964,666,Album_764,1996
965,705,Album_765,1996
966,683,Album_766,1981
967,293,Album_767,2018
968,116,,1994
969,290,Album_769,2022
970,602,Album_770,1983
971,257,Album_771,1996
972,928,Album_772,1996
973,259,Album_773,2011
974,446,Album_774,2009
975,124,Album_775,1996
976,905,Album_776,1989
977,642,Album_777,2002
978,752,Album_778,1990
979,405,Album_779,1985
980,577,Album_780,2005
981,264,Album_781,2019
982,251,Album_782,2000
983,536,Album_783,1986
984,851,Album_784,1998
985,290,Album_785,2010
986,208,Album_786,2018
987,411,Album_787,2006
988,224,Album_788,1991
989,918,Album_789,2023
990,888,Album_790,1992
991,767,Album_791,2008
992,456,Album_792,1999
993,657,Album_793,2007
994,666,Album_794,1982
995,528,Album_795,2014
996,850,Album_796,1997
997,430,,2007
998,808,Album_798,1991
999,710,Album_799,2018
1000,757,Album_800,2020
1001,597,Album_801,2004
1002,479,Album_802,1994
1003,592,Album_803,1988
1004,570,Album_804,1982
1005,397,Album_805,2003
1006,1051,Album_806,2024
1007,295,Album_807,1989
1008,484,Album_808,1992
1009,831,Album_809,2023
1010,690,Album_810,2021
1011,809,Album_811,2002
1012,387,Album_812,2017
1013,785,Album_813,2004
1014,285,Album_814,2014
1015,319,Album_815,2019
1016,566,Album_816,2017
1017,974,Album_817,2012
1018,278,Album_818,2011
1019,734,Album_819,1989
1020,237,Album_820,2010
1021,838,Album_821,2002
1022,1009,Album_822,1986
1023,239,Album_823,2021
1024,307,Album_824,2011
1025,288,Album_825,2004
1026,603,Album_826,2006
1027,827,Album_827,1982
1028,348,Album_828,1988
1029,1079,Album_829,2002
1030,906,Album_830,2003
1031,839,Album_831,1992
1032,557,Album_832,1997
1033,266,Album_833,1984
1034,491,Album_834,2022
1035,458,Album_835,2011
1036,514,Album_836,2014
1037,695,Album_837,1999
1038,970,Album_838,2016
1039,488,Album_839,2020
1040,231,Album_840,2002
1041,333,Album_841,2013
1042,417,Album_842,2016
1043,503,Album_843,2003
1044,642,Album_844,1996
1045,945,Album_845,2022
1046,889,Album_846,2020
1047,489,Album_847,1997
1048,461,Album_848,1981
1049,782,Album_849,2003
1050,633,Album_850,1984
1051,963,Album_851,2023
1052,788,Album_852,2013
1053,146,Album_853,1988
1054,975,,2011
1055,384,Album_855,1992
1056,747,Album_856,1990
1057,708,,1989
1058,379,Album_858,2019
1059,940,Album_859,1986
1060,675,Album_860,2014
1061,590,Album_861,2014
1062,1073,Album_862,1986
1063,189,Album_863,2000
1064,490,Album_864,1998
1065,169,Album_865,2007
1066,826,Album_866,1994
1067,643,Album_867,1996
1068,907,Album_868,2006
1069,596,Album_869,1981
1070,449,Album_870,1994
1071,556,Album_871,2011
1072,440,Album_872,1991
1073,800,Album_873,1981
1074,861,Album_874,2003
1075,247,Album_875,2020
1076,673,Album_876,2011
1077,491,Album_877,2014
1078,296,Album_878,2016
1079,945,Album_879,2006
1080,555,,2011
1081,550,Album_881,2017
1082,970,Album_882,2013
1083,290,Album_883,2021
1084,576,Album_884,2022
1085,1092,Album_885,2007
1086,802,Album_886,1999
1087,681,Album_887,2011
1088,241,Album_888,2020
1089,846,Album_889,1984
1090,1097,Album_890,2003
1091,716,Album_891,1982
1092,471,Album_892,1981
1093,484,Album_893,2015
1094,266,Album_894,2001
1095,1040,,2012
1096,512,Album_896,1991
1097,518,Album_897,2010
1098,898,Album_898,1981
1099,646,Album_899,2006
1100,605,Album_900,2014
1101,771,Album_901,1985
1102,584,Album_902,1994
1103,374,Album_903,1994
1104,568,Album_904,1999
1105,872,Album_905,2021
1106,1038,Album_906,2021
1107,536,Album_907,2006
1108,704,Album_908,2017
1109,194,Album_909,2017
1110,592,Album_910,1992
1111,638,Album_911,2010
1112,888,Album_912,2018
1113,824,,2021
1114,767,Album_914,2020
1115,143,Album_915,2002
1116,567,,2018
1117,138,Album_917,2002
1118,430,Album_918,1999
1119,804,Album_919,2002
1120,747,Album_920,2012
1121,656,Album_921,2009
1122,678,Album_922,2022
1123,1057,Album_923,2005
1124,432,Album_924,1983
1125,859,Album_925,2010
1126,688,Album_926,1989
1127,892,Album_927,2003
1128,461,Album_928,1990
1129,317,Album_929,2024
1130,462,Album_930,2011
1131,245,Album_931,2011
1132,1013,Album_932,2008
1133,949,Album_933,1997
1134,811,Album_934,2012
1135,785,Album_935,2007
1136,201,Album_936,2006
1137,1088,Album_937,1992
1138,364,Album_938,1981
1139,1061,Album_939,1995
1140,1000,Album_940,1992
1141,151,Album_941,2009
1142,470,Album_942,2021
1143,236,Album_943,2024
1144,300,Album_944,2005
1145,304,Album_945,1985
1146,948,Album_946,2016
1147,517,Album_947,2007
1148,263,Album_948,2004
1149,807,Album_949,2015
1150,981,Album_950,2002
1151,1058,Album_951,1986
1152,343,Album_952,2000
1153,809,Album_953,1996
1154,273,Album_954,1996
1155,815,Album_955,2006
1156,1074,Album_956,1985
1157,950,Album_957,1995
1158,227,Album_958,2004
1159,355,Album_959,1991
1160,583,Album_960,2012
1161,554,,2013
1162,119,Album_962,2016
1163,339,Album_963,1998
1164,403,Album_964,2001
1165,536,Album_965,2006
1166,1053,Album_966,2018
1167,761,Album_967,1996
1168,394,,2005
1169,106,Album_969,2002
1170,238,Album_970,1996
1171,1073,Album_971,2004
1172,405,Album_972,1980
1173,443,Album_973,2013
1174,348,Album_974,2023
1175,446,Album_975,2002
1176,827,Album_976,2024
1177,775,Album_977,2013
1178,220,Album_978,1985
1179,175,Album_979,2001
1180,903,Album_980,1985
1181,1064,Album_981,2008
1182,971,Album_982,2008
1183,888,Album_983,1994
1184,327,Album_984,1988
1185,915,Album_985,1985
1186,103,Album_986,2003
1187,604,Album_987,2020
1188,124,Album_988,2021
1189,1072,Album_989,2003
1190,407,Album_990,2006
1191,278,Album_991,2013
1192,492,Album_992,2016
1193,852,Album_993,1997
1194,605,Album_994,1989
1195,943,Album_995,1990
1196,865,Album_996,2019
1197,157,Album_997,2018
1198,1020,Album_998,2004
1199,1060,Album_999,1983
1200,270,Album_1000,2020
1201,359,Album_1001,1983
1202,214,Album_1002,2009
1203,759,Album_1003,2007
1204,332,Album_1004,1980
1205,452,Album_1005,1980
1206,823,Album_1006,1992
1207,361,Album_1007,1995
1208,161,Album_1008,1998
1209,482,Album_1009,2015
1210,176,Album_1010,2012
1211,682,,1994
1212,687,Album_1012,1992
1213,515,Album_1013,2016
1214,495,Album_1014,2002
1215,440,Album_1015,1994
1216,998,Album_1016,1992
1217,473,Album_1017,2003
1218,923,Album_1018,1993
1219,581,Album_1019,1991
1220,1032,Album_1020,1996
1221,1015,Album_1021,2004
1222,491,Album_1022,2007
1223,241,Album_1023,1985
1224,404,Album_1024,2003
1225,480,Album_1025,2022
1226,667,Album_1026,2021
1227,1096,Album_1027,1986
1228,342,Album_1028,2023
1229,679,Album_1029,1984
1230,467,Album_1030,2005
1231,259,Album_1031,1987
1232,482,Album_1032,1998
1233,354,Album_1033,1989
1234,548,Album_1034,2021
1235,676,,1997
1236,921,Album_1036,2024
1237,871,Album_1037,2006
1238,827,Album_1038,1993
1239,1035,Album_1039,1988
1240,1058,Album_1040,1986
1241,563,Album_1041,1992
1242,432,Album_1042,2007
1243,951,Album_1043,1996
1244,448,Album_1044,1993
1245,204,Album_1045,2021
1246,717,Album_1046,1986
1247,321,Album_1047,1997
1248,804,Album_1048,2020
1249,220,Album_1049,2013
1250,503,Album_1050,2002
1251,661,Album_1051,2023
1252,460,Album_1052,1998
1253,354,,2001
1254,259,Album_1054,1984
1255,813,Album_1055,2015
1256,924,Album_1056,1989
1257,922,Album_1057,2024
1258,450,Album_1058,2015
1259,927,Album_1059,1990
1260,457,Album_1060,2002
1261,586,Album_1061,2001
1262,249,Album_1062,2016
1263,675,Album_1063,1995
1264,351,Album_1064,1984
1265,476,Album_1065,1989
1266,318,Album_1066,1998
1267,590,Album_1067,1989
1268,379,Album_1068,2023
1269,453,Album_1069,2016
1270,232,Album_1070,1998
1271,146,Album_1071,2019
1272,981,Album_1072,2014
1273,1007,Album_1073,1991
1274,1061,Album_1074,2012
1275,618,Album_1075,1990
1276,217,Album_1076,2000
1277,298,Album_1077,2020
1278,1053,Album_1078,2005
1279,543,Album_1079,2015
1280,1049,Album_1080,2005
1281,327,Album_1081,2020
1282,914,Album_1082,1991
1283,1040,Album_1083,2007
1284,800,,2012
1285,888,Album_1085,1991
1286,462,Album_1086,1988
1287,887,Album_1087,2015
1288,1086,Album_1088,2004
1289,851,Album_1089,2022
1290,518,Album_1090,2023
1291,809,Album_1091,2014
1292,695,Album_1092,1986
1293,774,Album_1093,1982
1294,1023,Album_1094,2007
1295,1049,Album_1095,1990
1296,472,Album_1096,1982
1297,109,,2012
1298,657,Album_1098,2007
1299,328,Album_1099,2024
1300,761,Album_1100,1990
1301,305,Album_1101,1986
1302,510,Album_1102,2011
1303,1093,Album_1103,2022
1304,447,Album_1104,2011
1305,244,Album_1105,2003
1306,403,Album_1106,1998
1307,703,Album_1107,2015
1308,1056,Album_1108,1986
1309,141,Album_1109,2015
1310,640,Album_1110,1984
1311,902,Album_1111,2004
1312,190,Album_1112,1987
1313,141,Album_1113,2011
1314,589,Album_1114,2013
1315,997,Album_1115,1995
1316,773,Album_1116,1992
1317,332,Album_1117,1982
1318,897,Album_1118,2018
1319,758,Album_1119,1984
1320,1084,,1996
1321,455,Album_1121,2000
1322,1061,Album_1122,1994
1323,182,Album_1123,1993
1324,520,Album_1124,1996
1325,516,Album_1125,2001
1326,129,Album_1126,1981
1327,557,Album_1127,1990
1328,771,Album_1128,1994
1329,436,Album_1129,1999
1330,932,Album_1130,2017
1331,523,Album_1131,1995
1332,652,Album_1132,1999
1333,1028,Album_1133,2004
1334,297,Album_1134,2014
1335,693,Album_1135,2003
1336,823,Album_1136,2004
1337,600,Album_1137,1982
1338,520,Album_1138,1980
1339,777,Album_1139,2022
1340,630,Album_1140,1986
1341,1012,Album_1141,1997
1342,478,Album_1142,2003
1343,866,Album_1143,1983
1344,454,Album_1144,2014
1345,333,Album_1145,2001
1346,801,Album_1146,1992
1347,739,Album_1147,2009
1348,173,Album_1148,1994
1349,649,Album_1149,1989
1350,581,Album_1150,1991
1351,633,Album_1151,2018
1352,778,Album_1152,2019
1353,495,Album_1153,1995
1354,1015,Album_1154,1981
1355,951,Album_1155,1984
1356,711,Album_1156,2022
1357,240,Album_1157,1991
1358,451,Album_1158,2018
1359,923,Album_1159,1985
1360,154,Album_1160,2020
1361,911,Album_1161,1986
1362,849,Album_1162,2007
1363,552,Album_1163,2002
1364,667,Album_1164,2024
1365,470,Album_1165,1998
1366,1078,Album_1166,2018
1367,485,Album_1167,1996
1368,752,Album_1168,1994
1369,812,Album_1169,2007
1370,110,,2012
1371,1084,Album_1171,2006
1372,1066,Album_1172,2013
1373,808,Album_1173,2001
1374,456,Album_1174,2024
1375,920,Album_1175,2005
1376,172,Album_1176,2013
1377,721,Album_1177,2024
1378,476,Album_1178,2013
1379,688,Album_1179,2015
1380,811,Album_1180,1988
1381,392,Album_1181,1988
1382,130,Album_1182,1980
1383,704,Album_1183,1992
1384,1001,Album_1184,1983
1385,771,Album_1185,2016
1386,1085,Album_1186,1996
1387,349,Album_1187,1990
1388,184,Album_1188,1998
1389,275,Album_1189,2020
1390,746,Album_1190,2020
1391,276,Album_1191,2004
1392,204,Album_1192,2006
1393,757,Album_1193,1999
1394,635,Album_1194,2023
1395,354,Album_1195,1993
1396,929,Album_1196,1998
1397,505,Album_1197,1986
1398,912,Album_1198,1986
1399,724,Album_1199,2020
1400,804,Album_1200,1997
1401,428,Album_1201,2019
1402,492,Album_1202,2013
1403,495,Album_1203,2021
1404,214,Album_1204,2003
1405,1080,Album_1205,1999
1406,318,Album_1206,1996
1407,814,Album_1207,2023
1408,736,Album_1208,1992
1409,560,Album_1209,1996
1410,880,Album_1210,2021
1411,369,Album_1211,2012
1412,218,Album_1212,2022
1413,665,Album_1213,2000
1414,840,Album_1214,2015
1415,850,Album_1215,2007
1416,495,Album_1216,2011
1417,743,Album_1217,2021
1418,802,Album_1218,1992
1419,406,Album_1219,2023
1420,791,Album_1220,2000
1421,974,Album_1221,2015
1422,677,Album_1222,1980
1423,443,Album_1223,1985
1424,173,Album_1224,1991
1425,744,Album_1225,2008
1426,103,Album_1226,2018
1427,936,Album_1227,1981
1428,530,Album_1228,2009
1429,1060,Album_1229,1989
1430,811,Album_1230,2005
1431,529,Album_1231,2019
1432,641,Album_1232,1980
1433,913,Album_1233,2011
1434,206,Album_1234,1990
1435,553,Album_1235,2021
1436,403,Album_1236,1983
1437,103,Album_1237,2016
1438,589,Album_1238,1994
1439,422,Album_1239,1992
1440,518,Album_1240,2000
1441,752,Album_1241,2011
1442,483,Album_1242,2004
1443,449,Album_1243,2016
1444,378,,2010
1445,778,Album_1245,2024
1446,704,Album_1246,1986
1447,845,,2022
1448,394,Album_1248,2006
1449,809,Album_1249,1997
1450,138,Album_1250,1993
1451,113,Album_1251,1987
1452,965,,2018
1453,229,Album_1253,2015
1454,238,Album_1254,2002
1455,1095,Album_1255,1982
1456,961,Album_1256,1990
1457,325,Album_1257,1980
1458,240,Album_1258,2009
1459,277,Album_1259,2023
1460,147,,1986
1461,870,Album_1261,1997
1462,534,Album_1262,1985
1463,741,Album_1263,2001
1464,768,Album_1264,1982
1465,593,Album_1265,2017
1466,336,Album_1266,2009
1467,324,Album_1267,2002
1468,356,Album_1268,2018
1469,389,Album_1269,1980
1470,649,Album_1270,1999
1471,351,Album_1271,2018
1472,424,Album_1272,2023
1473,1084,Album_1273,2020
1474,314,Album_1274,2005
1475,893,Album_1275,1980
1476,1014,Album_1276,2003
1477,385,Album_1277,1982
1478,361,Album_1278,2022
1479,537,Album_1279,2020
1480,233,Album_1280,2024
1481,1015,Album_1281,2011
1482,304,Album_1282,1999
1483,629,Album_1283,1980
1484,577,Album_1284,1998
1485,548,Album_1285,2011
1486,486,Album_1286,1985
1487,1043,Album_1287,2008
1488,859,Album_1288,1988
1489,107,Album_1289,1984
1490,559,Album_1290,2006
1491,541,Album_1291,1989
1492,636,Album_1292,1995
1493,1002,Album_1293,2016
1494,965,,1990
1495,1053,Album_1295,2000
1496,953,Album_1296,1992
1497,686,Album_1297,1993
1498,517,Album_1298,2009
1499,602,,2021
1500,799,Album_1300,2015
1501,287,Album_1301,1985
1502,826,Album_1302,2001
1503,994,Album_1303,1986
1504,731,Album_1304,2004
1505,986,Album_1305,1987
1506,452,Album_1306,1996
1507,846,Album_1307,2013
1508,643,Album_1308,2002
1509,863,Album_1309,2020
1510,885,Album_1310,1983
1511,656,Album_1311,2007
1512,180,Album_1312,2018
1513,588,Album_1313,2024
1514,1002,Album_1314,2010
1515,236,Album_1315,2002
1516,202,Album_1316,1984
1517,525,Album_1317,2022
1518,277,Album_1318,2017
1519,451,Album_1319,1981
1520,1021,Album_1320,2022
1521,584,Album_1321,1982
1522,847,Album_1322,2006
1523,168,Album_1323,1985
1524,995,Album_1324,1998
1525,164,Album_1325,1982
1526,466,Album_1326,2003
1527,855,Album_1327,2024
1528,529,Album_1328,1990
1529,436,Album_1329,2004
1530,1034,Album_1330,2023
1531,268,Album_1331,1996
1532,186,Album_1332,2000
1533,807,Album_1333,1999
1534,595,Album_1334,1995
1535,770,Album_1335,1981
1536,283,,2024
1537,507,Album_1337,1986
1538,806,,1989
1539,291,Album_1339,1998
1540,639,Album_1340,2011
1541,880,Album_1341,2007
1542,545,Album_1342,1999
1543,232,Album_1343,1996
1544,276,Album_1344,1988
1545,161,Album_1345,2012
1546,492,Album_1346,2023
1547,360,Album_1347,2018
1548,1083,Album_1348,2015
1549,321,Album_1349,1991
1550,300,Album_1350,2012
1551,366,Album_1351,1988
1552,732,Album_1352,1983
1553,867,Album_1353,2008
1554,296,Album_1354,1999
1555,738,Album_1355,2005
1556,263,Album_1356,1993
1557,579,,2015
1558,291,Album_1358,2005
1559,933,Album_1359,1999
1560,138,Album_1360,2015
1561,325,Album_1361,1982
1562,185,Album_1362,1997
1563,497,Album_1363,2010
1564,656,Album_1364,1991
1565,656,Album_1365,2011
1566,1047,Album_1366,2000
1567,424,Album_1367,1991
1568,377,Album_1368,2011
1569,705,Album_1369,1980
1570,706,Album_1370,1986
1571,174,Album_1371,1986
1572,331,Album_1372,1987
1573,612,,2010
1574,672,Album_1374,1988
1575,346,Album_1375,2008
1576,883,Album_1376,2020
1577,488,Album_1377,1980
1578,956,Album_1378,1980
1579,468,Album_1379,1992
1580,310,Album_1380,2009
1581,416,Album_1381,2023
1582,1007,,2011
1583,1005,Album_1383,2013
1584,379,Album_1384,1989
1585,345,Album_1385,2014
1586,920,Album_1386,2014
1587,562,Album_1387,2004
1588,304,Album_1388,1999
1589,1026,Album_1389,1990
1590,665,Album_1390,2005
1591,381,Album_1391,2008
1592,158,Album_1392,1987
1593,346,Album_1393,2020
1594,930,Album_1394,2005
1595,863,Album_1395,1994
1596,468,Album_1396,2018
1597,910,Album_1397,2018
1598,157,Album_1398,2005
1599,248,,2020
1600,837,Album_1400,2017
1601,932,Album_1401,2008
1602,709,Album_1402,2013
1603,1013,Album_1403,2003
1604,910,Album_1404,1984
1605,1083,,1984
1606,1094,Album_1406,2001
1607,545,Album_1407,2023
1608,939,Album_1408,2012
1609,545,Album_1409,1991
1610,689,,2011
1611,535,Album_1411,2019
1612,818,Album_1412,2011
1613,1095,Album_1413,2021
1614,167,Album_1414,2012
1615,537,Album_1415,2013
1616,971,Album_1416,1985
1617,349,Album_1417,1990
1618,541,Album_1418,2021
1619,196,Album_1419,2003
1620,582,Album_1420,1985
1621,1098,Album_1421,1980
1622,231,Album_1422,2015
1623,1047,Album_1423,2023
1624,190,Album_1424,2019
1625,958,Album_1425,2017
1626,913,,2012
1627,860,Album_1427,2007
1628,798,Album_1428,2021
1629,116,,2021
1630,930,Album_1430,1983
1631,996,Album_1431,2000
1632,962,Album_1432,1990
1633,564,Album_1433,1998
1634,339,,1990
1635,1098,Album_1435,2014
1636,774,Album_1436,2020
1637,929,Album_1437,2011
1638,253,Album_1438,1982
1639,296,Album_1439,1989
1640,949,Album_1440,1983
1641,843,Album_1441,2005
1642,1035,Album_1442,1986
1643,852,Album_1443,1997
1644,660,Album_1444,2006
1645,247,Album_1445,1998
1646,800,Album_1446,2022
1647,427,Album_1447,2013
1648,773,Album_1448,2009
1649,841,Album_1449,1985
1650,999,Album_1450,2005
1651,270,Album_1451,1988
1652,182,Album_1452,2016
1653,102,Album_1453,2012
1654,600,Album_1454,2006
1655,941,Album_1455,2007
1656,210,Album_1456,2014
1657,1076,Album_1457,2002
1658,510,Album_1458,2010
1659,254,Album_1459,1989
1660,813,Album_1460,1984
1661,474,Album_1461,2017
1662,896,Album_1462,1994
1663,133,Album_1463,2009
1664,665,Album_1464,2017
1665,978,Album_1465,2024
1666,546,Album_1466,1995
1667,699,Album_1467,2012
1668,838,Album_1468,1994
1669,356,Album_1469,1987
1670,919,Album_1470,1991
1671,361,Album_1471,1989
1672,113,Album_1472,2011
1673,1065,Album_1473,2023
1674,184,Album_1474,1990
1675,812,Album_1475,1997
1676,222,Album_1476,1998
1677,1025,Album_1477,1988
1678,186,Album_1478,1998
1679,918,Album_1479,2002
1680,680,Album_1480,1990
1681,273,Album_1481,2011
1682,1089,Album_1482,1987
1683,438,Album_1483,1985
1684,275,Album_1484,2021
1685,1080,Album_1485,2010
1686,940,Album_1486,2018
1687,850,Album_1487,1991
1688,697,Album_1488,2012
1689,891,Album_1489,1985
1690,534,Album_1490,1983
1691,989,Album_1491,2000
1692,675,Album_1492,2006
1693,980,Album_1493,2005
1694,553,Album_1494,2016
1695,916,Album_1495,2003
1696,460,Album_1496,1988
1697,839,Album_1497,1991
1698,774,Album_1498,1984
1699,310,Album_1499,1983
1700,734,Album_1500,1996
1701,196,Album_1501,2002
1702,265,Album_1502,2016
1703,135,Album_1503,1997
1704,1064,Album_1504,2014
1705,1036,Album_1505,2016
1706,323,Album_1506,2011
1707,359,Album_1507,2009
1708,1081,Album_1508,2018
1709,718,Album_1509,1984
1710,317,Album_1510,1984
1711,501,Album_1511,1998
1712,163,Album_1512,1995
1713,616,Album_1513,1996
1714,639,Album_1514,2008
1715,574,Album_1515,2008
1716,932,Album_1516,2005
1717,1021,Album_1517,1980
1718,579,Album_1518,1995
1719,1029,Album_1519,1982
1720,1006,Album_1520,2017
1721,1006,Album_1521,1987
1722,279,Album_1522,2010
1723,115,Album_1523,1988
1724,983,,1986
1725,490,Album_1525,1997
1726,493,Album_1526,2005
1727,401,Album_1527,1984
1728,862,Album_1528,1994
1729,888,Album_1529,2000
1730,779,Album_1530,1985
1731,253,Album_1531,1997
1732,191,Album_1532,2012
1733,592,Album_1533,2022
1734,1007,Album_1534,1982
1735,1010,Album_1535,1984
1736,649,Album_1536,2017
1737,497,Album_1537,2013
1738,359,Album_1538,1983
1739,1035,Album_1539,1999
1740,711,Album_1540,1999
1741,1060,Album_1541,1999
1742,548,Album_1542,1983
1743,185,Album_1543,1994
1744,622,Album_1544,2004
1745,1048,Album_1545,2006
1746,183,Album_1546,2022
1747,763,Album_1547,1992
1748,348,Album_1548,2001
1749,833,Album_1549,1996
1750,335,Album_1550,1989
1751,869,Album_1551,1984
1752,357,Album_1552,1980
1753,452,Album_1553,2016
1754,474,Album_1554,1998
1755,454,Album_1555,1986
1756,647,Album_1556,2001
1757,313,Album_1557,2017
1758,955,Album_1558,1995
1759,654,Album_1559,2023
1760,333,Album_1560,2020
1761,968,Album_1561,1989
1762,1096,Album_1562,1986
1763,914,Album_1563,2000
1764,805,Album_1564,1985
1765,1002,Album_1565,1992
1766,926,Album_1566,1992
1767,423,Album_1567,1983
1768,423,Album_1568,1984
1769,959,Album_1569,1995
1770,135,Album_1570,2012
1771,463,Album_1571,2015
1772,1036,Album_1572,1988
1773,1063,Album_1573,1990
1774,1013,Album_1574,2007
1775,661,Album_1575,2013
1776,399,Album_1576,1994
1777,837,Album_1577,1995
1778,244,Album_1578,1992
1779,613,Album_1579,2015
1780,672,Album_1580,1996
1781,148,Album_1581,2017
1782,1051,Album_1582,2011
1783,298,Album_1583,1998
1784,570,Album_1584,2016
1785,585,Album_1585,1990
1786,920,Album_1586,1988
1787,533,,2004
1788,849,Album_1588,1992
1789,800,Album_1589,1990
1790,678,Album_1590,1992
1791,920,Album_1591,2010
1792,220,Album_1592,1994
1793,206,Album_1593,2019
1794,469,Album_1594,2019
1795,746,Album_1595,2019
1796,1029,Album_1596,2000
1797,1008,Album_1597,1989
1798,300,Album_1598,2016
1799,1014,Album_1599,2002
1800,593,Album_1600,2024
1801,883,Album_1601,1987
1802,634,Album_1602,1990
1803,666,Album_1603,1985
1804,1014,Album_1604,1997
1805,871,Album_1605,2024
1806,398,Album_1606,1991
1807,1004,Album_1607,2019
1808,948,,2019
1809,537,Album_1609,2006
1810,260,Album_1610,1987
1811,246,Album_1611,2008
1812,830,Album_1612,2020
1813,837,Album_1613,2020
1814,567,Album_1614,1985
1815,560,Album_1615,2007
1816,309,Album_1616,2016
1817,1063,Album_1617,2016
1818,548,Album_1618,2007
1819,281,Album_1619,1986
1820,775,Album_1620,2009
1821,241,Album_1621,2005
1822,1030,Album_1622,1990
1823,468,Album_1623,2024
1824,930,Album_1624,2007
1825,1097,Album_1625,1983
1826,321,Album_1626,2014
1827,164,Album_1627,2008
1828,478,Album_1628,1986
1829,684,Album_1629,1989
1830,396,Album_1630,2022
1831,989,Album_1631,2024
1832,915,Album_1632,1999
1833,408,Album_1633,2024
1834,425,Album_1634,1991
1835,150,Album_1635,1998
1836,688,Album_1636,2012
1837,834,Album_1637,2022
1838,885,Album_1638,1993
1839,841,Album_1639,1988
1840,934,Album_1640,2016
1841,594,Album_1641,1990
1842,889,Album_1642,1981
1843,116,Album_1643,2014
1844,959,Album_1644,2013
1845,589,Album_1645,1985
1846,628,Album_1646,1994
1847,925,Album_1647,2010
1848,339,Album_1648,2018
1849,666,Album_1649,1980
1850,832,Album_1650,2017
1851,534,Album_1651,1984
1852,198,Album_1652,2024
1853,292,Album_1653,2010
1854,380,Album_1654,2002
1855,446,Album_1655,2010
1856,278,Album_1656,1995
1857,466,Album_1657,2001
1858,889,Album_1658,1984
1859,535,Album_1659,1989
1860,720,Album_1660,1997
1861,812,Album_1661,2019
1862,363,Album_1662,1996
1863,778,Album_1663,1991
1864,318,Album_1664,2023
1865,1013,Album_1665,1981
1866,995,Album_1666,2023
1867,278,Album_1667,2018
1868,209,Album_1668,1994
1869,1001,Album_1669,1986
1870,475,Album_1670,1997
1871,265,Album_1671,2000
1872,747,Album_1672,2013
1873,805,Album_1673,1981
1874,1073,Album_1674,1987
1875,743,Album_1675,1999
1876,609,Album_1676,2017
1877,605,Album_1677,2004
1878,203,Album_1678,2007
1879,795,,1981
1880,196,Album_1680,2018
1881,1019,Album_1681,2004
1882,380,Album_1682,2018
1883,535,Album_1683,2005
1884,538,Album_1684,1991
1885,104,Album_1685,1985
1886,732,Album_1686,1981
1887,135,Album_1687,2009
1888,880,Album_1688,2022
1889,562,Album_1689,2014
1890,740,Album_1690,1992
1891,458,Album_1691,1999
1892,495,Album_1692,1987
1893,758,Album_1693,2022
1894,140,Album_1694,2021
1895,201,Album_1695,1987
1896,528,Album_1696,2002
1897,721,Album_1697,2013
1898,550,Album_1698,1987
1899,859,Album_1699,2016
1900,520,Album_1700,2023
1901,718,Album_1701,2020
1902,487,Album_1702,1982
1903,866,Album_1703,2010
1904,538,Album_1704,2005
1905,485,Album_1705,2003
1906,191,Album_1706,2000
1907,1002,Album_1707,2009
1908,918,Album_1708,2013
1909,476,Album_1709,2003
1910,695,Album_1710,2010
1911,1078,Album_1711,2012
1912,1007,Album_1712,2021
1913,1046,Album_1713,2009
1914,546,Album_1714,2012
1915,378,,1988
1916,241,Album_1716,2023
1917,1062,Album_1717,1989
1918,648,Album_1718,2017
1919,113,Album_1719,1984
1920,991,Album_1720,1984
1921,741,Album_1721,1984
1922,643,,1991
1923,505,Album_1723,2005
1924,567,Album_1724,2021
1925,680,Album_1725,2001
1926,905,Album_1726,1996
1927,198,Album_1727,1994
1928,541,Album_1728,2013
1929,229,Album_1729,2023
1930,136,Album_1730,2016
1931,728,Album_1731,2020
1932,872,Album_1732,2007
1933,981,,1988
1934,582,Album_1734,1980
1935,725,Album_1735,2003
1936,557,Album_1736,1981
1937,811,Album_1737,2019
1938,280,Album_1738,1995
1939,515,Album_1739,1994
1940,790,Album_1740,1985
1941,1047,Album_1741,2019
1942,139,Album_1742,2016
1943,1032,Album_1743,2004
1944,904,Album_1744,2012
1945,297,Album_1745,2023
1946,560,Album_1746,2006
1947,979,Album_1747,2007
1948,986,Album_1748,2007
1949,890,Album_1749,2016
1950,187,,1991
1951,333,Album_1751,1987
1952,827,Album_1752,2018
1953,259,Album_1753,2013
1954,863,Album_1754,1995
1955,549,Album_1755,2017
1956,480,Album_1756,2014
1957,1026,Album_1757,2007
1958,777,Album_1758,2007
1959,350,Album_1759,2019
1960,601,Album_1760,1982
1961,664,Album_1761,2006
1962,257,Album_1762,1994
1963,167,Album_1763,2010
1964,604,Album_1764,1994
1965,501,Album_1765,2015
1966,219,Album_1766,2001
1967,847,Album_1767,1999
1968,955,,1998
1969,988,Album_1769,2008
1970,1031,Album_1770,1983
1971,892,Album_1771,2007
1972,838,Album_1772,2024
1973,435,Album_1773,2020
1974,759,Album_1774,2014
1975,615,Album_1775,2001
1976,979,Album_1776,2004
1977,633,Album_1777,1980
1978,417,Album_1778,2008
1979,192,Album_1779,2012
1980,435,Album_1780,2005
1981,714,Album_1781,1990
1982,963,Album_1782,2008
1983,375,Album_1783,2002
1984,616,Album_1784,2000
1985,183,Album_1785,1991
1986,663,Album_1786,2007
1987,781,Album_1787,2005
1988,547,Album_1788,2021
1989,845,Album_1789,1991
1990,293,Album_1790,1984
1991,519,Album_1791,2008
1992,241,Album_1792,1985
1993,199,Album_1793,2007
1994,808,Album_1794,1995
1995,113,Album_1795,2019
1996,592,Album_1796,2009
1997,874,Album_1797,1993
1998,403,Album_1798,1982
1999,935,Album_1799,2008
2000,511,Album_1800,1998
2001,487,Album_1801,2003
2002,1061,Album_1802,2012
2003,473,Album_1803,1992
2004,144,Album_1804,2003
2005,889,Album_1805,1994
2006,1087,Album_1806,1984
2007,978,Album_1807,2014
2008,503,Album_1808,1995
2009,392,Album_1809,2010
2010,811,Album_1810,2012
2011,483,Album_1811,2012
2012,850,Album_1812,1997
2013,283,Album_1813,2017
2014,310,Album_1814,2019
2015,927,Album_1815,1995
2016,306,Album_1816,2003
2017,308,Album_1817,1987
2018,502,Album_1818,1999
2019,512,Album_1819,2023
2020,902,Album_1820,2021
2021,887,Album_1821,2007
2022,997,Album_1822,2000
2023,970,Album_1823,2024
2024,277,Album_1824,1992
2025,119,Album_1825,2017
2026,384,Album_1826,2001
2027,457,Album_1827,1987
2028,940,,1990
2029,1046,Album_1829,1993
2030,770,Album_1830,1999
2031,629,Album_1831,2008
2032,734,Album_1832,1981
2033,984,Album_1833,1982
2034,668,Album_1834,1980
2035,275,Album_1835,2007
2036,279,Album_1836,2018
2037,1063,Album_1837,2008
2038,686,Album_1838,2010
2039,472,Album_1839,1987
2040,898,Album_1840,1990
2041,251,Album_1841,2020
2042,241,Album_1842,1986
2043,980,Album_1843,1997
2044,738,Album_1844,2014
2045,924,Album_1845,1988
2046,563,Album_1846,2024
2047,460,Album_1847,1981
2048,902,Album_1848,2004
2049,842,Album_1849,2011
2050,685,Album_1850,1995
2051,475,Album_1851,2015
2052,570,Album_1852,2005
2053,821,Album_1853,2003
2054,686,Album_1854,2019
2055,1059,Album_1855,1999
2056,126,Album_1856,2006
2057,991,Album_1857,2006
2058,779,Album_1858,2020
2059,355,Album_1859,2020
2060,571,Album_1860,1994
2061,544,Album_1861,2018
2062,103,Album_1862,1983
2063,227,Album_1863,2021
2064,611,Album_1864,1992
2065,536,Album_1865,2014
2066,918,Album_1866,1995
2067,683,Album_1867,2017
2068,637,Album_1868,2000
2069,404,Album_1869,2000
2070,123,Album_1870,2023
2071,632,Album_1871,2007
2072,414,Album_1872,2003
2073,592,Album_1873,1997
2074,734,Album_1874,1993
2075,905,Album_1875,2011
2076,237,,2016
2077,698,Album_1877,1987
2078,478,Album_1878,2020
2079,617,Album_1879,2017
2080,167,Album_1880,2003
2081,539,Album_1881,2007
2082,631,Album_1882,2021
2083,845,Album_1883,2024
2084,240,Album_1884,1983
2085,242,,1984
2086,557,Album_1886,2000
2087,208,Album_1887,2010
2088,247,Album_1888,2008
2089,579,Album_1889,2005
2090,630,Album_1890,1980
2091,1009,Album_1891,1985
2092,277,Album_1892,1984
2093,990,Album_1893,1982
2094,743,Album_1894,2024
2095,833,Album_1895,2011
2096,786,Album_1896,1980
2097,140,Album_1897,2016
2098,907,Album_1898,2004
2099,195,Album_1899,2013
2100,896,Album_1900,2016
2101,934,Album_1901,2021
2102,155,Album_1902,1996
2103,546,Album_1903,2017
2104,358,Album_1904,1990
2105,161,Album_1905,2000
2106,533,Album_1906,1989
2107,1056,Album_1907,1999
2108,828,Album_1908,1991
2109,817,Album_1909,2003
2110,464,Album_1910,2018
2111,686,Album_1911,2010
2112,1010,Album_1912,2009
2113,977,Album_1913,2017
2114,839,Album_1914,2004
2115,743,Album_1915,2022
2116,851,Album_1916,1990
2117,389,Album_1917,1983
2118,161,Album_1918,2007
2119,1100,Album_1919,2000
2120,257,Album_1920,2016
2121,462,Album_1921,2010
2122,157,Album_1922,1983
2123,532,Album_1923,2000
2124,567,Album_1924,2011
2125,196,Album_1925,2024
2126,294,,1993
2127,103,Album_1927,1992
2128,639,Album_1928,2024
2129,1042,Album_1929,2005
2130,446,Album_1930,2013
2131,293,Album_1931,2008
2132,145,Album_1932,1987
2133,1013,Album_1933,2002
2134,1090,Album_1934,2002
2135,374,Album_1935,2002
2136,197,Album_1936,2016
2137,171,Album_1937,1999
2138,576,Album_1938,1990
2139,408,Album_1939,2014
2140,937,Album_1940,1990
2141,727,Album_1941,1989
2142,370,Album_1942,2004
2143,952,Album_1943,1994
2144,266,Album_1944,2017
2145,199,Album_1945,2006
2146,202,Album_1946,2002
2147,657,Album_1947,1986
2148,1057,,1994
2149,513,Album_1949,2006
2150,671,Album_1950,2022
2151,710,Album_1951,2012
2152,907,Album_1952,2012
2153,436,Album_1953,2008
2154,688,Album_1954,1984
2155,961,Album_1955,2017
2156,183,,1997
2157,700,Album_1957,2021
2158,303,Album_1958,2018
2159,368,Album_1959,1983
2160,970,Album_1960,1981
2161,1033,Album_1961,1992
2162,621,Album_1962,1997
2163,1001,Album_1963,1996
2164,921,Album_1964,2007
2165,401,Album_1965,2004
2166,558,Album_1966,1984
2167,738,Album_1967,2004
2168,879,Album_1968,2005
2169,530,Album_1969,2021
2170,424,Album_1970,2022
2171,638,Album_1971,2012
2172,598,,1987
2173,830,Album_1973,1996
2174,314,Album_1974,1988
2175,425,Album_1975,2008
2176,619,Album_1976,2022
2177,987,Album_1977,1989
2178,894,Album_1978,1996
2179,133,Album_1979,1981
2180,343,Album_1980,2020
2181,482,Album_1981,2014
2182,649,Album_1982,2008
2183,1076,Album_1983,2003
2184,757,Album_1984,1991
2185,988,,2010
2186,160,Album_1986,2005
2187,393,Album_1987,1984
2188,492,Album_1988,2004
2189,801,Album_1989,1996
2190,638,Album_1990,2018
2191,1008,Album_1991,2015
2192,609,Album_1992,2018
2193,1016,Album_1993,1991
2194,887,Album_1994,2008
2195,423,Album_1995,2013
2196,374,Album_1996,2006
2197,775,Album_1997,1981
2198,756,,1995
2199,822,Album_1999,2004
2200,271,Album_2000,2003
375,1094,Album_175,2004
1631,996,Album_1431,2000
514,201,Album_314,2016
1497,686,Album_1297,1993
1996,592,Album_1796,2009
1974,759,Album_1774,2014
1135,785,Album_935,2007
1838,885,Album_1638,1993
1571,174,Album_1371,1986
1682,1089,Album_1482,1987
800,758,Album_600,1998
458,405,Album_258,2017
1503,994,Album_1303,1986
2175,425,Album_1975,2008
441,589,Album_241,2001
1596,468,Album_1396,2018
1458,240,Album_1258,2009
1956,480,Album_1756,2014
754,994,Album_554,2006
624,142,Album_424,1986
1158,227,Album_958,2004
2028,940,,1990
1467,324,Album_1267,2002
1638,253,Album_1438,1982
1119,804,Album_919,2002
999,710,Album_799,2018
1252,460,Album_1052,1998
1875,743,Album_1675,1999
443,350,Album_243,2001
1738,359,Album_1538,1983
1035,458,Album_835,2011
1138,364,Album_938,1981
2007,978,Album_1807,2014
886,837,Album_686,1995
2177,987,Album_1977,1989
276,840,Album_76,1992
739,564,Album_539,1994
1007,295,Album_807,1989
313,800,Album_113,1981
1095,1040,,2012
635,175,Album_435,2021
398,262,,2024
264,508,Album_64,1996
972,928,Album_772,1996
666,391,Album_466,1984
370,1063,Album_170,2021
393,714,Album_193,2010
2197,775,Album_1997,1981
1950,187,,1991
992,456,Album_792,1999
